"display_name","year_fine","rank_fine"
"Karoro (Southern black-backed gull)",1969,2
"Karoro (Southern black-backed gull)",1969.1,2
"Karoro (Southern black-backed gull)",1969.2,2
"Karoro (Southern black-backed gull)",1969.3,2
"Karoro (Southern black-backed gull)",1969.4,2
"Karoro (Southern black-backed gull)",1969.5,2
"Karoro (Southern black-backed gull)",1969.6,2
"Karoro (Southern black-backed gull)",1969.7,2
"Karoro (Southern black-backed gull)",1969.8,2
"Karoro (Southern black-backed gull)",1969.9,2
"Karoro (Southern black-backed gull)",1970,2
"Karoro (Southern black-backed gull)",1970.1,2
"Karoro (Southern black-backed gull)",1970.2,2
"Karoro (Southern black-backed gull)",1970.3,2
"Karoro (Southern black-backed gull)",1970.4,2
"Karoro (Southern black-backed gull)",1970.5,2
"Karoro (Southern black-backed gull)",1970.6,2
"Karoro (Southern black-backed gull)",1970.7,2
"Karoro (Southern black-backed gull)",1970.8,2
"Karoro (Southern black-backed gull)",1970.9,2
"Karoro (Southern black-backed gull)",1971,2
"Karoro (Southern black-backed gull)",1971.1,2
"Karoro (Southern black-backed gull)",1971.2,2
"Karoro (Southern black-backed gull)",1971.3,2
"Karoro (Southern black-backed gull)",1971.4,2
"Karoro (Southern black-backed gull)",1971.5,2
"Karoro (Southern black-backed gull)",1971.6,2
"Karoro (Southern black-backed gull)",1971.7,2
"Karoro (Southern black-backed gull)",1971.8,2
"Karoro (Southern black-backed gull)",1971.9,2
"Karoro (Southern black-backed gull)",1972,2
"Karoro (Southern black-backed gull)",1972.1,2
"Karoro (Southern black-backed gull)",1972.2,2
"Karoro (Southern black-backed gull)",1972.3,2
"Karoro (Southern black-backed gull)",1972.4,2
"Karoro (Southern black-backed gull)",1972.5,2
"Karoro (Southern black-backed gull)",1972.6,2
"Karoro (Southern black-backed gull)",1972.7,2
"Karoro (Southern black-backed gull)",1972.8,2
"Karoro (Southern black-backed gull)",1972.9,2
"Karoro (Southern black-backed gull)",1973,2
"Karoro (Southern black-backed gull)",1973.1,2
"Karoro (Southern black-backed gull)",1973.2,2
"Karoro (Southern black-backed gull)",1973.3,2
"Karoro (Southern black-backed gull)",1973.4,2
"Karoro (Southern black-backed gull)",1973.5,2
"Karoro (Southern black-backed gull)",1973.6,2
"Karoro (Southern black-backed gull)",1973.7,2
"Karoro (Southern black-backed gull)",1973.8,2
"Karoro (Southern black-backed gull)",1973.9,2
"Karoro (Southern black-backed gull)",1974,2
"Karoro (Southern black-backed gull)",1974.1,2
"Karoro (Southern black-backed gull)",1974.2,2
"Karoro (Southern black-backed gull)",1974.3,2
"Karoro (Southern black-backed gull)",1974.4,2
"Karoro (Southern black-backed gull)",1974.5,2
"Karoro (Southern black-backed gull)",1974.6,2
"Karoro (Southern black-backed gull)",1974.7,2
"Karoro (Southern black-backed gull)",1974.8,2
"Karoro (Southern black-backed gull)",1974.9,2
"Karoro (Southern black-backed gull)",1975,2.00165833591077
"Karoro (Southern black-backed gull)",1975.1,2.00741786946989
"Karoro (Southern black-backed gull)",1975.2,2.0329608278918
"Karoro (Southern black-backed gull)",1975.3,2.14227761953261
"Karoro (Southern black-backed gull)",1975.4,2.54727657141968
"Karoro (Southern black-backed gull)",1975.5,3.5
"Karoro (Southern black-backed gull)",1975.6,4.45272342858032
"Karoro (Southern black-backed gull)",1975.7,4.85772238046739
"Karoro (Southern black-backed gull)",1975.8,4.9670391721082
"Karoro (Southern black-backed gull)",1975.9,4.99258213053011
"Karoro (Southern black-backed gull)",1976,5.00055277863692
"Karoro (Southern black-backed gull)",1976.1,5.00247262315663
"Karoro (Southern black-backed gull)",1976.2,5.0109869426306
"Karoro (Southern black-backed gull)",1976.3,5.04742587317754
"Karoro (Southern black-backed gull)",1976.4,5.18242552380656
"Karoro (Southern black-backed gull)",1976.5,5.5
"Karoro (Southern black-backed gull)",1976.6,5.81757447619344
"Karoro (Southern black-backed gull)",1976.7,5.95257412682246
"Karoro (Southern black-backed gull)",1976.8,5.9890130573694
"Karoro (Southern black-backed gull)",1976.9,5.99752737684337
"Karoro (Southern black-backed gull)",1977,6
"Karoro (Southern black-backed gull)",1977.1,6
"Karoro (Southern black-backed gull)",1977.2,6
"Karoro (Southern black-backed gull)",1977.3,6
"Karoro (Southern black-backed gull)",1977.4,6
"Karoro (Southern black-backed gull)",1977.5,6
"Karoro (Southern black-backed gull)",1977.6,6
"Karoro (Southern black-backed gull)",1977.7,6
"Karoro (Southern black-backed gull)",1977.8,6
"Karoro (Southern black-backed gull)",1977.9,6
"Karoro (Southern black-backed gull)",1978,6
"Karoro (Southern black-backed gull)",1978.1,6
"Karoro (Southern black-backed gull)",1978.2,6
"Karoro (Southern black-backed gull)",1978.3,6
"Karoro (Southern black-backed gull)",1978.4,6
"Karoro (Southern black-backed gull)",1978.5,6
"Karoro (Southern black-backed gull)",1978.6,6
"Karoro (Southern black-backed gull)",1978.7,6
"Karoro (Southern black-backed gull)",1978.8,6
"Karoro (Southern black-backed gull)",1978.9,6
"Karoro (Southern black-backed gull)",1979,6.00110555727385
"Karoro (Southern black-backed gull)",1979.1,6.00494524631326
"Karoro (Southern black-backed gull)",1979.2,6.0219738852612
"Karoro (Southern black-backed gull)",1979.3,6.09485174635507
"Karoro (Southern black-backed gull)",1979.4,6.36485104761312
"Karoro (Southern black-backed gull)",1979.5,7
"Karoro (Southern black-backed gull)",1979.6,7.63514895238688
"Karoro (Southern black-backed gull)",1979.7,7.90514825364493
"Karoro (Southern black-backed gull)",1979.8,7.9780261147388
"Karoro (Southern black-backed gull)",1979.9,7.99505475368674
"Karoro (Southern black-backed gull)",1980,7.99944722136308
"Karoro (Southern black-backed gull)",1980.1,7.99752737684337
"Karoro (Southern black-backed gull)",1980.2,7.9890130573694
"Karoro (Southern black-backed gull)",1980.3,7.95257412682246
"Karoro (Southern black-backed gull)",1980.4,7.81757447619344
"Karoro (Southern black-backed gull)",1980.5,7.5
"Karoro (Southern black-backed gull)",1980.6,7.18242552380656
"Karoro (Southern black-backed gull)",1980.7,7.04742587317754
"Karoro (Southern black-backed gull)",1980.8,7.0109869426306
"Karoro (Southern black-backed gull)",1980.9,7.00247262315663
"Karoro (Southern black-backed gull)",1981,7
"Karoro (Southern black-backed gull)",1981.1,7
"Karoro (Southern black-backed gull)",1981.2,7
"Karoro (Southern black-backed gull)",1981.3,7
"Karoro (Southern black-backed gull)",1981.4,7
"Karoro (Southern black-backed gull)",1981.5,7
"Karoro (Southern black-backed gull)",1981.6,7
"Karoro (Southern black-backed gull)",1981.7,7
"Karoro (Southern black-backed gull)",1981.8,7
"Karoro (Southern black-backed gull)",1981.9,7
"Karoro (Southern black-backed gull)",1982,7
"Karoro (Southern black-backed gull)",1982.1,7
"Karoro (Southern black-backed gull)",1982.2,7
"Karoro (Southern black-backed gull)",1982.3,7
"Karoro (Southern black-backed gull)",1982.4,7
"Karoro (Southern black-backed gull)",1982.5,7
"Karoro (Southern black-backed gull)",1982.6,7
"Karoro (Southern black-backed gull)",1982.7,7
"Karoro (Southern black-backed gull)",1982.8,7
"Karoro (Southern black-backed gull)",1982.9,7
"Karoro (Southern black-backed gull)",1983,6.99834166408923
"Karoro (Southern black-backed gull)",1983.1,6.99258213053011
"Karoro (Southern black-backed gull)",1983.2,6.9670391721082
"Karoro (Southern black-backed gull)",1983.3,6.85772238046739
"Karoro (Southern black-backed gull)",1983.4,6.45272342858032
"Karoro (Southern black-backed gull)",1983.5,5.5
"Karoro (Southern black-backed gull)",1983.6,4.54727657141968
"Karoro (Southern black-backed gull)",1983.7,4.14227761953261
"Karoro (Southern black-backed gull)",1983.8,4.0329608278918
"Karoro (Southern black-backed gull)",1983.9,4.00741786946989
"Karoro (Southern black-backed gull)",1984,4
"Karoro (Southern black-backed gull)",1984.1,4
"Karoro (Southern black-backed gull)",1984.2,4
"Karoro (Southern black-backed gull)",1984.3,4
"Karoro (Southern black-backed gull)",1984.4,4
"Karoro (Southern black-backed gull)",1984.5,4
"Karoro (Southern black-backed gull)",1984.6,4
"Karoro (Southern black-backed gull)",1984.7,4
"Karoro (Southern black-backed gull)",1984.8,4
"Karoro (Southern black-backed gull)",1984.9,4
"Karoro (Southern black-backed gull)",1985,4.00055277863692
"Karoro (Southern black-backed gull)",1985.1,4.00247262315663
"Karoro (Southern black-backed gull)",1985.2,4.0109869426306
"Karoro (Southern black-backed gull)",1985.3,4.04742587317754
"Karoro (Southern black-backed gull)",1985.4,4.18242552380656
"Karoro (Southern black-backed gull)",1985.5,4.5
"Karoro (Southern black-backed gull)",1985.6,4.81757447619344
"Karoro (Southern black-backed gull)",1985.7,4.95257412682246
"Karoro (Southern black-backed gull)",1985.8,4.9890130573694
"Karoro (Southern black-backed gull)",1985.9,4.99752737684337
"Karoro (Southern black-backed gull)",1986,4.99944722136308
"Karoro (Southern black-backed gull)",1986.1,4.99752737684337
"Karoro (Southern black-backed gull)",1986.2,4.9890130573694
"Karoro (Southern black-backed gull)",1986.3,4.95257412682246
"Karoro (Southern black-backed gull)",1986.4,4.81757447619344
"Karoro (Southern black-backed gull)",1986.5,4.5
"Karoro (Southern black-backed gull)",1986.6,4.18242552380656
"Karoro (Southern black-backed gull)",1986.7,4.04742587317754
"Karoro (Southern black-backed gull)",1986.8,4.0109869426306
"Karoro (Southern black-backed gull)",1986.9,4.00247262315663
"Karoro (Southern black-backed gull)",1987,4.00055277863692
"Karoro (Southern black-backed gull)",1987.1,4.00247262315663
"Karoro (Southern black-backed gull)",1987.2,4.0109869426306
"Karoro (Southern black-backed gull)",1987.3,4.04742587317754
"Karoro (Southern black-backed gull)",1987.4,4.18242552380656
"Karoro (Southern black-backed gull)",1987.5,4.5
"Karoro (Southern black-backed gull)",1987.6,4.81757447619344
"Karoro (Southern black-backed gull)",1987.7,4.95257412682246
"Karoro (Southern black-backed gull)",1987.8,4.9890130573694
"Karoro (Southern black-backed gull)",1987.9,4.99752737684337
"Mollymawk (Black-browed or Shy)",1969,5
"Mollymawk (Black-browed or Shy)",1969.1,5
"Mollymawk (Black-browed or Shy)",1969.2,5
"Mollymawk (Black-browed or Shy)",1969.3,5
"Mollymawk (Black-browed or Shy)",1969.4,5
"Mollymawk (Black-browed or Shy)",1969.5,5
"Mollymawk (Black-browed or Shy)",1969.6,5
"Mollymawk (Black-browed or Shy)",1969.7,5
"Mollymawk (Black-browed or Shy)",1969.8,5
"Mollymawk (Black-browed or Shy)",1969.9,5
"Mollymawk (Black-browed or Shy)",1970,5
"Mollymawk (Black-browed or Shy)",1970.1,5
"Mollymawk (Black-browed or Shy)",1970.2,5
"Mollymawk (Black-browed or Shy)",1970.3,5
"Mollymawk (Black-browed or Shy)",1970.4,5
"Mollymawk (Black-browed or Shy)",1970.5,5
"Mollymawk (Black-browed or Shy)",1970.6,5
"Mollymawk (Black-browed or Shy)",1970.7,5
"Mollymawk (Black-browed or Shy)",1970.8,5
"Mollymawk (Black-browed or Shy)",1970.9,5
"Mollymawk (Black-browed or Shy)",1971,5
"Mollymawk (Black-browed or Shy)",1971.1,5
"Mollymawk (Black-browed or Shy)",1971.2,5
"Mollymawk (Black-browed or Shy)",1971.3,5
"Mollymawk (Black-browed or Shy)",1971.4,5
"Mollymawk (Black-browed or Shy)",1971.5,5
"Mollymawk (Black-browed or Shy)",1971.6,5
"Mollymawk (Black-browed or Shy)",1971.7,5
"Mollymawk (Black-browed or Shy)",1971.8,5
"Mollymawk (Black-browed or Shy)",1971.9,5
"Mollymawk (Black-browed or Shy)",1972,5
"Mollymawk (Black-browed or Shy)",1972.1,5
"Mollymawk (Black-browed or Shy)",1972.2,5
"Mollymawk (Black-browed or Shy)",1972.3,5
"Mollymawk (Black-browed or Shy)",1972.4,5
"Mollymawk (Black-browed or Shy)",1972.5,5
"Mollymawk (Black-browed or Shy)",1972.6,5
"Mollymawk (Black-browed or Shy)",1972.7,5
"Mollymawk (Black-browed or Shy)",1972.8,5
"Mollymawk (Black-browed or Shy)",1972.9,5
"Mollymawk (Black-browed or Shy)",1973,5
"Mollymawk (Black-browed or Shy)",1973.1,5
"Mollymawk (Black-browed or Shy)",1973.2,5
"Mollymawk (Black-browed or Shy)",1973.3,5
"Mollymawk (Black-browed or Shy)",1973.4,5
"Mollymawk (Black-browed or Shy)",1973.5,5
"Mollymawk (Black-browed or Shy)",1973.6,5
"Mollymawk (Black-browed or Shy)",1973.7,5
"Mollymawk (Black-browed or Shy)",1973.8,5
"Mollymawk (Black-browed or Shy)",1973.9,5
"Mollymawk (Black-browed or Shy)",1974,5
"Mollymawk (Black-browed or Shy)",1974.1,5
"Mollymawk (Black-browed or Shy)",1974.2,5
"Mollymawk (Black-browed or Shy)",1974.3,5
"Mollymawk (Black-browed or Shy)",1974.4,5
"Mollymawk (Black-browed or Shy)",1974.5,5
"Mollymawk (Black-browed or Shy)",1974.6,5
"Mollymawk (Black-browed or Shy)",1974.7,5
"Mollymawk (Black-browed or Shy)",1974.8,5
"Mollymawk (Black-browed or Shy)",1974.9,5
"Mollymawk (Black-browed or Shy)",1975,5.00110555727385
"Mollymawk (Black-browed or Shy)",1975.1,5.00494524631326
"Mollymawk (Black-browed or Shy)",1975.2,5.0219738852612
"Mollymawk (Black-browed or Shy)",1975.3,5.09485174635507
"Mollymawk (Black-browed or Shy)",1975.4,5.36485104761312
"Mollymawk (Black-browed or Shy)",1975.5,6
"Mollymawk (Black-browed or Shy)",1975.6,6.63514895238688
"Mollymawk (Black-browed or Shy)",1975.7,6.90514825364493
"Mollymawk (Black-browed or Shy)",1975.8,6.9780261147388
"Mollymawk (Black-browed or Shy)",1975.9,6.99505475368674
"Mollymawk (Black-browed or Shy)",1976,6.99723610681538
"Mollymawk (Black-browed or Shy)",1976.1,6.98763688421684
"Mollymawk (Black-browed or Shy)",1976.2,6.945065286847
"Mollymawk (Black-browed or Shy)",1976.3,6.76287063411232
"Mollymawk (Black-browed or Shy)",1976.4,6.0878723809672
"Mollymawk (Black-browed or Shy)",1976.5,4.5
"Mollymawk (Black-browed or Shy)",1976.6,2.9121276190328
"Mollymawk (Black-browed or Shy)",1976.7,2.23712936588768
"Mollymawk (Black-browed or Shy)",1976.8,2.054934713153
"Mollymawk (Black-browed or Shy)",1976.9,2.01236311578316
"Mollymawk (Black-browed or Shy)",1977,2
"Mollymawk (Black-browed or Shy)",1977.1,2
"Mollymawk (Black-browed or Shy)",1977.2,2
"Mollymawk (Black-browed or Shy)",1977.3,2
"Mollymawk (Black-browed or Shy)",1977.4,2
"Mollymawk (Black-browed or Shy)",1977.5,2
"Mollymawk (Black-browed or Shy)",1977.6,2
"Mollymawk (Black-browed or Shy)",1977.7,2
"Mollymawk (Black-browed or Shy)",1977.8,2
"Mollymawk (Black-browed or Shy)",1977.9,2
"Mollymawk (Black-browed or Shy)",1978,2
"Mollymawk (Black-browed or Shy)",1978.1,2
"Mollymawk (Black-browed or Shy)",1978.2,2
"Mollymawk (Black-browed or Shy)",1978.3,2
"Mollymawk (Black-browed or Shy)",1978.4,2
"Mollymawk (Black-browed or Shy)",1978.5,2
"Mollymawk (Black-browed or Shy)",1978.6,2
"Mollymawk (Black-browed or Shy)",1978.7,2
"Mollymawk (Black-browed or Shy)",1978.8,2
"Mollymawk (Black-browed or Shy)",1978.9,2
"Mollymawk (Black-browed or Shy)",1979,2.00055277863692
"Mollymawk (Black-browed or Shy)",1979.1,2.00247262315663
"Mollymawk (Black-browed or Shy)",1979.2,2.0109869426306
"Mollymawk (Black-browed or Shy)",1979.3,2.04742587317754
"Mollymawk (Black-browed or Shy)",1979.4,2.18242552380656
"Mollymawk (Black-browed or Shy)",1979.5,2.5
"Mollymawk (Black-browed or Shy)",1979.6,2.81757447619344
"Mollymawk (Black-browed or Shy)",1979.7,2.95257412682246
"Mollymawk (Black-browed or Shy)",1979.8,2.9890130573694
"Mollymawk (Black-browed or Shy)",1979.9,2.99752737684337
"Mollymawk (Black-browed or Shy)",1980,3
"Mollymawk (Black-browed or Shy)",1980.1,3
"Mollymawk (Black-browed or Shy)",1980.2,3
"Mollymawk (Black-browed or Shy)",1980.3,3
"Mollymawk (Black-browed or Shy)",1980.4,3
"Mollymawk (Black-browed or Shy)",1980.5,3
"Mollymawk (Black-browed or Shy)",1980.6,3
"Mollymawk (Black-browed or Shy)",1980.7,3
"Mollymawk (Black-browed or Shy)",1980.8,3
"Mollymawk (Black-browed or Shy)",1980.9,3
"Mollymawk (Black-browed or Shy)",1981,3
"Mollymawk (Black-browed or Shy)",1981.1,3
"Mollymawk (Black-browed or Shy)",1981.2,3
"Mollymawk (Black-browed or Shy)",1981.3,3
"Mollymawk (Black-browed or Shy)",1981.4,3
"Mollymawk (Black-browed or Shy)",1981.5,3
"Mollymawk (Black-browed or Shy)",1981.6,3
"Mollymawk (Black-browed or Shy)",1981.7,3
"Mollymawk (Black-browed or Shy)",1981.8,3
"Mollymawk (Black-browed or Shy)",1981.9,3
"Mollymawk (Black-browed or Shy)",1982,3
"Mollymawk (Black-browed or Shy)",1982.1,3
"Mollymawk (Black-browed or Shy)",1982.2,3
"Mollymawk (Black-browed or Shy)",1982.3,3
"Mollymawk (Black-browed or Shy)",1982.4,3
"Mollymawk (Black-browed or Shy)",1982.5,3
"Mollymawk (Black-browed or Shy)",1982.6,3
"Mollymawk (Black-browed or Shy)",1982.7,3
"Mollymawk (Black-browed or Shy)",1982.8,3
"Mollymawk (Black-browed or Shy)",1982.9,3
"Mollymawk (Black-browed or Shy)",1983,3
"Mollymawk (Black-browed or Shy)",1983.1,3
"Mollymawk (Black-browed or Shy)",1983.2,3
"Mollymawk (Black-browed or Shy)",1983.3,3
"Mollymawk (Black-browed or Shy)",1983.4,3
"Mollymawk (Black-browed or Shy)",1983.5,3
"Mollymawk (Black-browed or Shy)",1983.6,3
"Mollymawk (Black-browed or Shy)",1983.7,3
"Mollymawk (Black-browed or Shy)",1983.8,3
"Mollymawk (Black-browed or Shy)",1983.9,3
"Mollymawk (Black-browed or Shy)",1984,3.00165833591077
"Mollymawk (Black-browed or Shy)",1984.1,3.00741786946989
"Mollymawk (Black-browed or Shy)",1984.2,3.0329608278918
"Mollymawk (Black-browed or Shy)",1984.3,3.14227761953261
"Mollymawk (Black-browed or Shy)",1984.4,3.54727657141968
"Mollymawk (Black-browed or Shy)",1984.5,4.5
"Mollymawk (Black-browed or Shy)",1984.6,5.45272342858032
"Mollymawk (Black-browed or Shy)",1984.7,5.85772238046739
"Mollymawk (Black-browed or Shy)",1984.8,5.9670391721082
"Mollymawk (Black-browed or Shy)",1984.9,5.99258213053011
"Mollymawk (Black-browed or Shy)",1985,6
"Mollymawk (Black-browed or Shy)",1985.1,6
"Mollymawk (Black-browed or Shy)",1985.2,6
"Mollymawk (Black-browed or Shy)",1985.3,6
"Mollymawk (Black-browed or Shy)",1985.4,6
"Mollymawk (Black-browed or Shy)",1985.5,6
"Mollymawk (Black-browed or Shy)",1985.6,6
"Mollymawk (Black-browed or Shy)",1985.7,6
"Mollymawk (Black-browed or Shy)",1985.8,6
"Mollymawk (Black-browed or Shy)",1985.9,6
"Mollymawk (Black-browed or Shy)",1986,6
"Mollymawk (Black-browed or Shy)",1986.1,6
"Mollymawk (Black-browed or Shy)",1986.2,6
"Mollymawk (Black-browed or Shy)",1986.3,6
"Mollymawk (Black-browed or Shy)",1986.4,6
"Mollymawk (Black-browed or Shy)",1986.5,6
"Mollymawk (Black-browed or Shy)",1986.6,6
"Mollymawk (Black-browed or Shy)",1986.7,6
"Mollymawk (Black-browed or Shy)",1986.8,6
"Mollymawk (Black-browed or Shy)",1986.9,6
"Mollymawk (Black-browed or Shy)",1987,6.00110555727385
"Mollymawk (Black-browed or Shy)",1987.1,6.00494524631326
"Mollymawk (Black-browed or Shy)",1987.2,6.0219738852612
"Mollymawk (Black-browed or Shy)",1987.3,6.09485174635507
"Mollymawk (Black-browed or Shy)",1987.4,6.36485104761312
"Mollymawk (Black-browed or Shy)",1987.5,7
"Mollymawk (Black-browed or Shy)",1987.6,7.63514895238688
"Mollymawk (Black-browed or Shy)",1987.7,7.90514825364493
"Mollymawk (Black-browed or Shy)",1987.8,7.9780261147388
"Mollymawk (Black-browed or Shy)",1987.9,7.99505475368674
"Pintado (Cape petrel)",1969,3
"Pintado (Cape petrel)",1969.1,3
"Pintado (Cape petrel)",1969.2,3
"Pintado (Cape petrel)",1969.3,3
"Pintado (Cape petrel)",1969.4,3
"Pintado (Cape petrel)",1969.5,3
"Pintado (Cape petrel)",1969.6,3
"Pintado (Cape petrel)",1969.7,3
"Pintado (Cape petrel)",1969.8,3
"Pintado (Cape petrel)",1969.9,3
"Pintado (Cape petrel)",1970,3
"Pintado (Cape petrel)",1970.1,3
"Pintado (Cape petrel)",1970.2,3
"Pintado (Cape petrel)",1970.3,3
"Pintado (Cape petrel)",1970.4,3
"Pintado (Cape petrel)",1970.5,3
"Pintado (Cape petrel)",1970.6,3
"Pintado (Cape petrel)",1970.7,3
"Pintado (Cape petrel)",1970.8,3
"Pintado (Cape petrel)",1970.9,3
"Pintado (Cape petrel)",1971,3
"Pintado (Cape petrel)",1971.1,3
"Pintado (Cape petrel)",1971.2,3
"Pintado (Cape petrel)",1971.3,3
"Pintado (Cape petrel)",1971.4,3
"Pintado (Cape petrel)",1971.5,3
"Pintado (Cape petrel)",1971.6,3
"Pintado (Cape petrel)",1971.7,3
"Pintado (Cape petrel)",1971.8,3
"Pintado (Cape petrel)",1971.9,3
"Pintado (Cape petrel)",1972,3
"Pintado (Cape petrel)",1972.1,3
"Pintado (Cape petrel)",1972.2,3
"Pintado (Cape petrel)",1972.3,3
"Pintado (Cape petrel)",1972.4,3
"Pintado (Cape petrel)",1972.5,3
"Pintado (Cape petrel)",1972.6,3
"Pintado (Cape petrel)",1972.7,3
"Pintado (Cape petrel)",1972.8,3
"Pintado (Cape petrel)",1972.9,3
"Pintado (Cape petrel)",1973,3
"Pintado (Cape petrel)",1973.1,3
"Pintado (Cape petrel)",1973.2,3
"Pintado (Cape petrel)",1973.3,3
"Pintado (Cape petrel)",1973.4,3
"Pintado (Cape petrel)",1973.5,3
"Pintado (Cape petrel)",1973.6,3
"Pintado (Cape petrel)",1973.7,3
"Pintado (Cape petrel)",1973.8,3
"Pintado (Cape petrel)",1973.9,3
"Pintado (Cape petrel)",1974,3
"Pintado (Cape petrel)",1974.1,3
"Pintado (Cape petrel)",1974.2,3
"Pintado (Cape petrel)",1974.3,3
"Pintado (Cape petrel)",1974.4,3
"Pintado (Cape petrel)",1974.5,3
"Pintado (Cape petrel)",1974.6,3
"Pintado (Cape petrel)",1974.7,3
"Pintado (Cape petrel)",1974.8,3
"Pintado (Cape petrel)",1974.9,3
"Pintado (Cape petrel)",1975,3
"Pintado (Cape petrel)",1975.1,3
"Pintado (Cape petrel)",1975.2,3
"Pintado (Cape petrel)",1975.3,3
"Pintado (Cape petrel)",1975.4,3
"Pintado (Cape petrel)",1975.5,3
"Pintado (Cape petrel)",1975.6,3
"Pintado (Cape petrel)",1975.7,3
"Pintado (Cape petrel)",1975.8,3
"Pintado (Cape petrel)",1975.9,3
"Pintado (Cape petrel)",1976,3.00221111454769
"Pintado (Cape petrel)",1976.1,3.00989049262653
"Pintado (Cape petrel)",1976.2,3.0439477705224
"Pintado (Cape petrel)",1976.3,3.18970349271014
"Pintado (Cape petrel)",1976.4,3.72970209522624
"Pintado (Cape petrel)",1976.5,5
"Pintado (Cape petrel)",1976.6,6.27029790477376
"Pintado (Cape petrel)",1976.7,6.81029650728986
"Pintado (Cape petrel)",1976.8,6.9560522294776
"Pintado (Cape petrel)",1976.9,6.99010950737348
"Pintado (Cape petrel)",1977,7
"Pintado (Cape petrel)",1977.1,7
"Pintado (Cape petrel)",1977.2,7
"Pintado (Cape petrel)",1977.3,7
"Pintado (Cape petrel)",1977.4,7
"Pintado (Cape petrel)",1977.5,7
"Pintado (Cape petrel)",1977.6,7
"Pintado (Cape petrel)",1977.7,7
"Pintado (Cape petrel)",1977.8,7
"Pintado (Cape petrel)",1977.9,7
"Pintado (Cape petrel)",1978,7
"Pintado (Cape petrel)",1978.1,7
"Pintado (Cape petrel)",1978.2,7
"Pintado (Cape petrel)",1978.3,7
"Pintado (Cape petrel)",1978.4,7
"Pintado (Cape petrel)",1978.5,7
"Pintado (Cape petrel)",1978.6,7
"Pintado (Cape petrel)",1978.7,7
"Pintado (Cape petrel)",1978.8,7
"Pintado (Cape petrel)",1978.9,7
"Pintado (Cape petrel)",1979,6.99834166408923
"Pintado (Cape petrel)",1979.1,6.99258213053011
"Pintado (Cape petrel)",1979.2,6.9670391721082
"Pintado (Cape petrel)",1979.3,6.85772238046739
"Pintado (Cape petrel)",1979.4,6.45272342858032
"Pintado (Cape petrel)",1979.5,5.5
"Pintado (Cape petrel)",1979.6,4.54727657141968
"Pintado (Cape petrel)",1979.7,4.14227761953261
"Pintado (Cape petrel)",1979.8,4.0329608278918
"Pintado (Cape petrel)",1979.9,4.00741786946989
"Pintado (Cape petrel)",1980,4
"Pintado (Cape petrel)",1980.1,4
"Pintado (Cape petrel)",1980.2,4
"Pintado (Cape petrel)",1980.3,4
"Pintado (Cape petrel)",1980.4,4
"Pintado (Cape petrel)",1980.5,4
"Pintado (Cape petrel)",1980.6,4
"Pintado (Cape petrel)",1980.7,4
"Pintado (Cape petrel)",1980.8,4
"Pintado (Cape petrel)",1980.9,4
"Pintado (Cape petrel)",1981,4
"Pintado (Cape petrel)",1981.1,4
"Pintado (Cape petrel)",1981.2,4
"Pintado (Cape petrel)",1981.3,4
"Pintado (Cape petrel)",1981.4,4
"Pintado (Cape petrel)",1981.5,4
"Pintado (Cape petrel)",1981.6,4
"Pintado (Cape petrel)",1981.7,4
"Pintado (Cape petrel)",1981.8,4
"Pintado (Cape petrel)",1981.9,4
"Pintado (Cape petrel)",1982,4
"Pintado (Cape petrel)",1982.1,4
"Pintado (Cape petrel)",1982.2,4
"Pintado (Cape petrel)",1982.3,4
"Pintado (Cape petrel)",1982.4,4
"Pintado (Cape petrel)",1982.5,4
"Pintado (Cape petrel)",1982.6,4
"Pintado (Cape petrel)",1982.7,4
"Pintado (Cape petrel)",1982.8,4
"Pintado (Cape petrel)",1982.9,4
"Pintado (Cape petrel)",1983,4.00110555727385
"Pintado (Cape petrel)",1983.1,4.00494524631326
"Pintado (Cape petrel)",1983.2,4.0219738852612
"Pintado (Cape petrel)",1983.3,4.09485174635507
"Pintado (Cape petrel)",1983.4,4.36485104761312
"Pintado (Cape petrel)",1983.5,5
"Pintado (Cape petrel)",1983.6,5.63514895238688
"Pintado (Cape petrel)",1983.7,5.90514825364493
"Pintado (Cape petrel)",1983.8,5.9780261147388
"Pintado (Cape petrel)",1983.9,5.99505475368674
"Pintado (Cape petrel)",1984,6.00110555727385
"Pintado (Cape petrel)",1984.1,6.00494524631326
"Pintado (Cape petrel)",1984.2,6.0219738852612
"Pintado (Cape petrel)",1984.3,6.09485174635507
"Pintado (Cape petrel)",1984.4,6.36485104761312
"Pintado (Cape petrel)",1984.5,7
"Pintado (Cape petrel)",1984.6,7.63514895238688
"Pintado (Cape petrel)",1984.7,7.90514825364493
"Pintado (Cape petrel)",1984.8,7.9780261147388
"Pintado (Cape petrel)",1984.9,7.99505475368674
"Pintado (Cape petrel)",1985,7.99668332817846
"Pintado (Cape petrel)",1985.1,7.98516426106021
"Pintado (Cape petrel)",1985.2,7.9340783442164
"Pintado (Cape petrel)",1985.3,7.71544476093478
"Pintado (Cape petrel)",1985.4,6.90544685716064
"Pintado (Cape petrel)",1985.5,5
"Pintado (Cape petrel)",1985.6,3.09455314283936
"Pintado (Cape petrel)",1985.7,2.28455523906522
"Pintado (Cape petrel)",1985.8,2.0659216557836
"Pintado (Cape petrel)",1985.9,2.01483573893979
"Pintado (Cape petrel)",1986,2
"Pintado (Cape petrel)",1986.1,2
"Pintado (Cape petrel)",1986.2,2
"Pintado (Cape petrel)",1986.3,2
"Pintado (Cape petrel)",1986.4,2
"Pintado (Cape petrel)",1986.5,2
"Pintado (Cape petrel)",1986.6,2
"Pintado (Cape petrel)",1986.7,2
"Pintado (Cape petrel)",1986.8,2
"Pintado (Cape petrel)",1986.9,2
"Pintado (Cape petrel)",1987,2.00110555727385
"Pintado (Cape petrel)",1987.1,2.00494524631326
"Pintado (Cape petrel)",1987.2,2.0219738852612
"Pintado (Cape petrel)",1987.3,2.09485174635507
"Pintado (Cape petrel)",1987.4,2.36485104761312
"Pintado (Cape petrel)",1987.5,3
"Pintado (Cape petrel)",1987.6,3.63514895238688
"Pintado (Cape petrel)",1987.7,3.90514825364493
"Pintado (Cape petrel)",1987.8,3.9780261147388
"Pintado (Cape petrel)",1987.9,3.99505475368674
"Rako (Buller's shearwater)",1969,4
"Rako (Buller's shearwater)",1969.1,4
"Rako (Buller's shearwater)",1969.2,4
"Rako (Buller's shearwater)",1969.3,4
"Rako (Buller's shearwater)",1969.4,4
"Rako (Buller's shearwater)",1969.5,4
"Rako (Buller's shearwater)",1969.6,4
"Rako (Buller's shearwater)",1969.7,4
"Rako (Buller's shearwater)",1969.8,4
"Rako (Buller's shearwater)",1969.9,4
"Rako (Buller's shearwater)",1970,4
"Rako (Buller's shearwater)",1970.1,4
"Rako (Buller's shearwater)",1970.2,4
"Rako (Buller's shearwater)",1970.3,4
"Rako (Buller's shearwater)",1970.4,4
"Rako (Buller's shearwater)",1970.5,4
"Rako (Buller's shearwater)",1970.6,4
"Rako (Buller's shearwater)",1970.7,4
"Rako (Buller's shearwater)",1970.8,4
"Rako (Buller's shearwater)",1970.9,4
"Rako (Buller's shearwater)",1971,4
"Rako (Buller's shearwater)",1971.1,4
"Rako (Buller's shearwater)",1971.2,4
"Rako (Buller's shearwater)",1971.3,4
"Rako (Buller's shearwater)",1971.4,4
"Rako (Buller's shearwater)",1971.5,4
"Rako (Buller's shearwater)",1971.6,4
"Rako (Buller's shearwater)",1971.7,4
"Rako (Buller's shearwater)",1971.8,4
"Rako (Buller's shearwater)",1971.9,4
"Rako (Buller's shearwater)",1972,4
"Rako (Buller's shearwater)",1972.1,4
"Rako (Buller's shearwater)",1972.2,4
"Rako (Buller's shearwater)",1972.3,4
"Rako (Buller's shearwater)",1972.4,4
"Rako (Buller's shearwater)",1972.5,4
"Rako (Buller's shearwater)",1972.6,4
"Rako (Buller's shearwater)",1972.7,4
"Rako (Buller's shearwater)",1972.8,4
"Rako (Buller's shearwater)",1972.9,4
"Rako (Buller's shearwater)",1973,4
"Rako (Buller's shearwater)",1973.1,4
"Rako (Buller's shearwater)",1973.2,4
"Rako (Buller's shearwater)",1973.3,4
"Rako (Buller's shearwater)",1973.4,4
"Rako (Buller's shearwater)",1973.5,4
"Rako (Buller's shearwater)",1973.6,4
"Rako (Buller's shearwater)",1973.7,4
"Rako (Buller's shearwater)",1973.8,4
"Rako (Buller's shearwater)",1973.9,4
"Rako (Buller's shearwater)",1974,4
"Rako (Buller's shearwater)",1974.1,4
"Rako (Buller's shearwater)",1974.2,4
"Rako (Buller's shearwater)",1974.3,4
"Rako (Buller's shearwater)",1974.4,4
"Rako (Buller's shearwater)",1974.5,4
"Rako (Buller's shearwater)",1974.6,4
"Rako (Buller's shearwater)",1974.7,4
"Rako (Buller's shearwater)",1974.8,4
"Rako (Buller's shearwater)",1974.9,4
"Rako (Buller's shearwater)",1975,4.00221111454769
"Rako (Buller's shearwater)",1975.1,4.00989049262653
"Rako (Buller's shearwater)",1975.2,4.0439477705224
"Rako (Buller's shearwater)",1975.3,4.18970349271014
"Rako (Buller's shearwater)",1975.4,4.72970209522624
"Rako (Buller's shearwater)",1975.5,6
"Rako (Buller's shearwater)",1975.6,7.27029790477376
"Rako (Buller's shearwater)",1975.7,7.81029650728986
"Rako (Buller's shearwater)",1975.8,7.9560522294776
"Rako (Buller's shearwater)",1975.9,7.99010950737348
"Rako (Buller's shearwater)",1976,8
"Rako (Buller's shearwater)",1976.1,8
"Rako (Buller's shearwater)",1976.2,8
"Rako (Buller's shearwater)",1976.3,8
"Rako (Buller's shearwater)",1976.4,8
"Rako (Buller's shearwater)",1976.5,8
"Rako (Buller's shearwater)",1976.6,8
"Rako (Buller's shearwater)",1976.7,8
"Rako (Buller's shearwater)",1976.8,8
"Rako (Buller's shearwater)",1976.9,8
"Rako (Buller's shearwater)",1977,8
"Rako (Buller's shearwater)",1977.1,8
"Rako (Buller's shearwater)",1977.2,8
"Rako (Buller's shearwater)",1977.3,8
"Rako (Buller's shearwater)",1977.4,8
"Rako (Buller's shearwater)",1977.5,8
"Rako (Buller's shearwater)",1977.6,8
"Rako (Buller's shearwater)",1977.7,8
"Rako (Buller's shearwater)",1977.8,8
"Rako (Buller's shearwater)",1977.9,8
"Rako (Buller's shearwater)",1978,8
"Rako (Buller's shearwater)",1978.1,8
"Rako (Buller's shearwater)",1978.2,8
"Rako (Buller's shearwater)",1978.3,8
"Rako (Buller's shearwater)",1978.4,8
"Rako (Buller's shearwater)",1978.5,8
"Rako (Buller's shearwater)",1978.6,8
"Rako (Buller's shearwater)",1978.7,8
"Rako (Buller's shearwater)",1978.8,8
"Rako (Buller's shearwater)",1978.9,8
"Rako (Buller's shearwater)",1979,7.99944722136308
"Rako (Buller's shearwater)",1979.1,7.99752737684337
"Rako (Buller's shearwater)",1979.2,7.9890130573694
"Rako (Buller's shearwater)",1979.3,7.95257412682246
"Rako (Buller's shearwater)",1979.4,7.81757447619344
"Rako (Buller's shearwater)",1979.5,7.5
"Rako (Buller's shearwater)",1979.6,7.18242552380656
"Rako (Buller's shearwater)",1979.7,7.04742587317754
"Rako (Buller's shearwater)",1979.8,7.0109869426306
"Rako (Buller's shearwater)",1979.9,7.00247262315663
"Rako (Buller's shearwater)",1980,6.99944722136308
"Rako (Buller's shearwater)",1980.1,6.99752737684337
"Rako (Buller's shearwater)",1980.2,6.9890130573694
"Rako (Buller's shearwater)",1980.3,6.95257412682246
"Rako (Buller's shearwater)",1980.4,6.81757447619344
"Rako (Buller's shearwater)",1980.5,6.5
"Rako (Buller's shearwater)",1980.6,6.18242552380656
"Rako (Buller's shearwater)",1980.7,6.04742587317754
"Rako (Buller's shearwater)",1980.8,6.0109869426306
"Rako (Buller's shearwater)",1980.9,6.00247262315663
"Rako (Buller's shearwater)",1981,6
"Rako (Buller's shearwater)",1981.1,6
"Rako (Buller's shearwater)",1981.2,6
"Rako (Buller's shearwater)",1981.3,6
"Rako (Buller's shearwater)",1981.4,6
"Rako (Buller's shearwater)",1981.5,6
"Rako (Buller's shearwater)",1981.6,6
"Rako (Buller's shearwater)",1981.7,6
"Rako (Buller's shearwater)",1981.8,6
"Rako (Buller's shearwater)",1981.9,6
"Rako (Buller's shearwater)",1982,6
"Rako (Buller's shearwater)",1982.1,6
"Rako (Buller's shearwater)",1982.2,6
"Rako (Buller's shearwater)",1982.3,6
"Rako (Buller's shearwater)",1982.4,6
"Rako (Buller's shearwater)",1982.5,6
"Rako (Buller's shearwater)",1982.6,6
"Rako (Buller's shearwater)",1982.7,6
"Rako (Buller's shearwater)",1982.8,6
"Rako (Buller's shearwater)",1982.9,6
"Rako (Buller's shearwater)",1983,5.99944722136308
"Rako (Buller's shearwater)",1983.1,5.99752737684337
"Rako (Buller's shearwater)",1983.2,5.9890130573694
"Rako (Buller's shearwater)",1983.3,5.95257412682246
"Rako (Buller's shearwater)",1983.4,5.81757447619344
"Rako (Buller's shearwater)",1983.5,5.5
"Rako (Buller's shearwater)",1983.6,5.18242552380656
"Rako (Buller's shearwater)",1983.7,5.04742587317754
"Rako (Buller's shearwater)",1983.8,5.0109869426306
"Rako (Buller's shearwater)",1983.9,5.00247262315663
"Rako (Buller's shearwater)",1984,4.99834166408923
"Rako (Buller's shearwater)",1984.1,4.99258213053011
"Rako (Buller's shearwater)",1984.2,4.9670391721082
"Rako (Buller's shearwater)",1984.3,4.85772238046739
"Rako (Buller's shearwater)",1984.4,4.45272342858032
"Rako (Buller's shearwater)",1984.5,3.5
"Rako (Buller's shearwater)",1984.6,2.54727657141968
"Rako (Buller's shearwater)",1984.7,2.14227761953261
"Rako (Buller's shearwater)",1984.8,2.0329608278918
"Rako (Buller's shearwater)",1984.9,2.00741786946989
"Rako (Buller's shearwater)",1985,2.00331667182154
"Rako (Buller's shearwater)",1985.1,2.01483573893979
"Rako (Buller's shearwater)",1985.2,2.0659216557836
"Rako (Buller's shearwater)",1985.3,2.28455523906522
"Rako (Buller's shearwater)",1985.4,3.09455314283936
"Rako (Buller's shearwater)",1985.5,5
"Rako (Buller's shearwater)",1985.6,6.90544685716064
"Rako (Buller's shearwater)",1985.7,7.71544476093478
"Rako (Buller's shearwater)",1985.8,7.9340783442164
"Rako (Buller's shearwater)",1985.9,7.98516426106021
"Rako (Buller's shearwater)",1986,8
"Rako (Buller's shearwater)",1986.1,8
"Rako (Buller's shearwater)",1986.2,8
"Rako (Buller's shearwater)",1986.3,8
"Rako (Buller's shearwater)",1986.4,8
"Rako (Buller's shearwater)",1986.5,8
"Rako (Buller's shearwater)",1986.6,8
"Rako (Buller's shearwater)",1986.7,8
"Rako (Buller's shearwater)",1986.8,8
"Rako (Buller's shearwater)",1986.9,8
"Rako (Buller's shearwater)",1987,7.99668332817846
"Rako (Buller's shearwater)",1987.1,7.98516426106021
"Rako (Buller's shearwater)",1987.2,7.9340783442164
"Rako (Buller's shearwater)",1987.3,7.71544476093478
"Rako (Buller's shearwater)",1987.4,6.90544685716064
"Rako (Buller's shearwater)",1987.5,5
"Rako (Buller's shearwater)",1987.6,3.09455314283936
"Rako (Buller's shearwater)",1987.7,2.28455523906522
"Rako (Buller's shearwater)",1987.8,2.0659216557836
"Rako (Buller's shearwater)",1987.9,2.01483573893979
"Toroa (Wandering albatross)",1969,1
"Toroa (Wandering albatross)",1969.1,1
"Toroa (Wandering albatross)",1969.2,1
"Toroa (Wandering albatross)",1969.3,1
"Toroa (Wandering albatross)",1969.4,1
"Toroa (Wandering albatross)",1969.5,1
"Toroa (Wandering albatross)",1969.6,1
"Toroa (Wandering albatross)",1969.7,1
"Toroa (Wandering albatross)",1969.8,1
"Toroa (Wandering albatross)",1969.9,1
"Toroa (Wandering albatross)",1970,1
"Toroa (Wandering albatross)",1970.1,1
"Toroa (Wandering albatross)",1970.2,1
"Toroa (Wandering albatross)",1970.3,1
"Toroa (Wandering albatross)",1970.4,1
"Toroa (Wandering albatross)",1970.5,1
"Toroa (Wandering albatross)",1970.6,1
"Toroa (Wandering albatross)",1970.7,1
"Toroa (Wandering albatross)",1970.8,1
"Toroa (Wandering albatross)",1970.9,1
"Toroa (Wandering albatross)",1971,1
"Toroa (Wandering albatross)",1971.1,1
"Toroa (Wandering albatross)",1971.2,1
"Toroa (Wandering albatross)",1971.3,1
"Toroa (Wandering albatross)",1971.4,1
"Toroa (Wandering albatross)",1971.5,1
"Toroa (Wandering albatross)",1971.6,1
"Toroa (Wandering albatross)",1971.7,1
"Toroa (Wandering albatross)",1971.8,1
"Toroa (Wandering albatross)",1971.9,1
"Toroa (Wandering albatross)",1972,1
"Toroa (Wandering albatross)",1972.1,1
"Toroa (Wandering albatross)",1972.2,1
"Toroa (Wandering albatross)",1972.3,1
"Toroa (Wandering albatross)",1972.4,1
"Toroa (Wandering albatross)",1972.5,1
"Toroa (Wandering albatross)",1972.6,1
"Toroa (Wandering albatross)",1972.7,1
"Toroa (Wandering albatross)",1972.8,1
"Toroa (Wandering albatross)",1972.9,1
"Toroa (Wandering albatross)",1973,1
"Toroa (Wandering albatross)",1973.1,1
"Toroa (Wandering albatross)",1973.2,1
"Toroa (Wandering albatross)",1973.3,1
"Toroa (Wandering albatross)",1973.4,1
"Toroa (Wandering albatross)",1973.5,1
"Toroa (Wandering albatross)",1973.6,1
"Toroa (Wandering albatross)",1973.7,1
"Toroa (Wandering albatross)",1973.8,1
"Toroa (Wandering albatross)",1973.9,1
"Toroa (Wandering albatross)",1974,1
"Toroa (Wandering albatross)",1974.1,1
"Toroa (Wandering albatross)",1974.2,1
"Toroa (Wandering albatross)",1974.3,1
"Toroa (Wandering albatross)",1974.4,1
"Toroa (Wandering albatross)",1974.5,1
"Toroa (Wandering albatross)",1974.6,1
"Toroa (Wandering albatross)",1974.7,1
"Toroa (Wandering albatross)",1974.8,1
"Toroa (Wandering albatross)",1974.9,1
"Toroa (Wandering albatross)",1975,1
"Toroa (Wandering albatross)",1975.1,1
"Toroa (Wandering albatross)",1975.2,1
"Toroa (Wandering albatross)",1975.3,1
"Toroa (Wandering albatross)",1975.4,1
"Toroa (Wandering albatross)",1975.5,1
"Toroa (Wandering albatross)",1975.6,1
"Toroa (Wandering albatross)",1975.7,1
"Toroa (Wandering albatross)",1975.8,1
"Toroa (Wandering albatross)",1975.9,1
"Toroa (Wandering albatross)",1976,1
"Toroa (Wandering albatross)",1976.1,1
"Toroa (Wandering albatross)",1976.2,1
"Toroa (Wandering albatross)",1976.3,1
"Toroa (Wandering albatross)",1976.4,1
"Toroa (Wandering albatross)",1976.5,1
"Toroa (Wandering albatross)",1976.6,1
"Toroa (Wandering albatross)",1976.7,1
"Toroa (Wandering albatross)",1976.8,1
"Toroa (Wandering albatross)",1976.9,1
"Toroa (Wandering albatross)",1977,1
"Toroa (Wandering albatross)",1977.1,1
"Toroa (Wandering albatross)",1977.2,1
"Toroa (Wandering albatross)",1977.3,1
"Toroa (Wandering albatross)",1977.4,1
"Toroa (Wandering albatross)",1977.5,1
"Toroa (Wandering albatross)",1977.6,1
"Toroa (Wandering albatross)",1977.7,1
"Toroa (Wandering albatross)",1977.8,1
"Toroa (Wandering albatross)",1977.9,1
"Toroa (Wandering albatross)",1978,1
"Toroa (Wandering albatross)",1978.1,1
"Toroa (Wandering albatross)",1978.2,1
"Toroa (Wandering albatross)",1978.3,1
"Toroa (Wandering albatross)",1978.4,1
"Toroa (Wandering albatross)",1978.5,1
"Toroa (Wandering albatross)",1978.6,1
"Toroa (Wandering albatross)",1978.7,1
"Toroa (Wandering albatross)",1978.8,1
"Toroa (Wandering albatross)",1978.9,1
"Toroa (Wandering albatross)",1979,1
"Toroa (Wandering albatross)",1979.1,1
"Toroa (Wandering albatross)",1979.2,1
"Toroa (Wandering albatross)",1979.3,1
"Toroa (Wandering albatross)",1979.4,1
"Toroa (Wandering albatross)",1979.5,1
"Toroa (Wandering albatross)",1979.6,1
"Toroa (Wandering albatross)",1979.7,1
"Toroa (Wandering albatross)",1979.8,1
"Toroa (Wandering albatross)",1979.9,1
"Toroa (Wandering albatross)",1980,1
"Toroa (Wandering albatross)",1980.1,1
"Toroa (Wandering albatross)",1980.2,1
"Toroa (Wandering albatross)",1980.3,1
"Toroa (Wandering albatross)",1980.4,1
"Toroa (Wandering albatross)",1980.5,1
"Toroa (Wandering albatross)",1980.6,1
"Toroa (Wandering albatross)",1980.7,1
"Toroa (Wandering albatross)",1980.8,1
"Toroa (Wandering albatross)",1980.9,1
"Toroa (Wandering albatross)",1981,1
"Toroa (Wandering albatross)",1981.1,1
"Toroa (Wandering albatross)",1981.2,1
"Toroa (Wandering albatross)",1981.3,1
"Toroa (Wandering albatross)",1981.4,1
"Toroa (Wandering albatross)",1981.5,1
"Toroa (Wandering albatross)",1981.6,1
"Toroa (Wandering albatross)",1981.7,1
"Toroa (Wandering albatross)",1981.8,1
"Toroa (Wandering albatross)",1981.9,1
"Toroa (Wandering albatross)",1982,1
"Toroa (Wandering albatross)",1982.1,1
"Toroa (Wandering albatross)",1982.2,1
"Toroa (Wandering albatross)",1982.3,1
"Toroa (Wandering albatross)",1982.4,1
"Toroa (Wandering albatross)",1982.5,1
"Toroa (Wandering albatross)",1982.6,1
"Toroa (Wandering albatross)",1982.7,1
"Toroa (Wandering albatross)",1982.8,1
"Toroa (Wandering albatross)",1982.9,1
"Toroa (Wandering albatross)",1983,1
"Toroa (Wandering albatross)",1983.1,1
"Toroa (Wandering albatross)",1983.2,1
"Toroa (Wandering albatross)",1983.3,1
"Toroa (Wandering albatross)",1983.4,1
"Toroa (Wandering albatross)",1983.5,1
"Toroa (Wandering albatross)",1983.6,1
"Toroa (Wandering albatross)",1983.7,1
"Toroa (Wandering albatross)",1983.8,1
"Toroa (Wandering albatross)",1983.9,1
"Toroa (Wandering albatross)",1984,1
"Toroa (Wandering albatross)",1984.1,1
"Toroa (Wandering albatross)",1984.2,1
"Toroa (Wandering albatross)",1984.3,1
"Toroa (Wandering albatross)",1984.4,1
"Toroa (Wandering albatross)",1984.5,1
"Toroa (Wandering albatross)",1984.6,1
"Toroa (Wandering albatross)",1984.7,1
"Toroa (Wandering albatross)",1984.8,1
"Toroa (Wandering albatross)",1984.9,1
"Toroa (Wandering albatross)",1985,1
"Toroa (Wandering albatross)",1985.1,1
"Toroa (Wandering albatross)",1985.2,1
"Toroa (Wandering albatross)",1985.3,1
"Toroa (Wandering albatross)",1985.4,1
"Toroa (Wandering albatross)",1985.5,1
"Toroa (Wandering albatross)",1985.6,1
"Toroa (Wandering albatross)",1985.7,1
"Toroa (Wandering albatross)",1985.8,1
"Toroa (Wandering albatross)",1985.9,1
"Toroa (Wandering albatross)",1986,1
"Toroa (Wandering albatross)",1986.1,1
"Toroa (Wandering albatross)",1986.2,1
"Toroa (Wandering albatross)",1986.3,1
"Toroa (Wandering albatross)",1986.4,1
"Toroa (Wandering albatross)",1986.5,1
"Toroa (Wandering albatross)",1986.6,1
"Toroa (Wandering albatross)",1986.7,1
"Toroa (Wandering albatross)",1986.8,1
"Toroa (Wandering albatross)",1986.9,1
"Toroa (Wandering albatross)",1987,1
"Toroa (Wandering albatross)",1987.1,1
"Toroa (Wandering albatross)",1987.2,1
"Toroa (Wandering albatross)",1987.3,1
"Toroa (Wandering albatross)",1987.4,1
"Toroa (Wandering albatross)",1987.5,1
"Toroa (Wandering albatross)",1987.6,1
"Toroa (Wandering albatross)",1987.7,1
"Toroa (Wandering albatross)",1987.8,1
"Toroa (Wandering albatross)",1987.9,1
"Tītī (Sooty shearwater)",1969,7
"Tītī (Sooty shearwater)",1969.1,7
"Tītī (Sooty shearwater)",1969.2,7
"Tītī (Sooty shearwater)",1969.3,7
"Tītī (Sooty shearwater)",1969.4,7
"Tītī (Sooty shearwater)",1969.5,7
"Tītī (Sooty shearwater)",1969.6,7
"Tītī (Sooty shearwater)",1969.7,7
"Tītī (Sooty shearwater)",1969.8,7
"Tītī (Sooty shearwater)",1969.9,7
"Tītī (Sooty shearwater)",1970,7
"Tītī (Sooty shearwater)",1970.1,7
"Tītī (Sooty shearwater)",1970.2,7
"Tītī (Sooty shearwater)",1970.3,7
"Tītī (Sooty shearwater)",1970.4,7
"Tītī (Sooty shearwater)",1970.5,7
"Tītī (Sooty shearwater)",1970.6,7
"Tītī (Sooty shearwater)",1970.7,7
"Tītī (Sooty shearwater)",1970.8,7
"Tītī (Sooty shearwater)",1970.9,7
"Tītī (Sooty shearwater)",1971,7
"Tītī (Sooty shearwater)",1971.1,7
"Tītī (Sooty shearwater)",1971.2,7
"Tītī (Sooty shearwater)",1971.3,7
"Tītī (Sooty shearwater)",1971.4,7
"Tītī (Sooty shearwater)",1971.5,7
"Tītī (Sooty shearwater)",1971.6,7
"Tītī (Sooty shearwater)",1971.7,7
"Tītī (Sooty shearwater)",1971.8,7
"Tītī (Sooty shearwater)",1971.9,7
"Tītī (Sooty shearwater)",1972,7
"Tītī (Sooty shearwater)",1972.1,7
"Tītī (Sooty shearwater)",1972.2,7
"Tītī (Sooty shearwater)",1972.3,7
"Tītī (Sooty shearwater)",1972.4,7
"Tītī (Sooty shearwater)",1972.5,7
"Tītī (Sooty shearwater)",1972.6,7
"Tītī (Sooty shearwater)",1972.7,7
"Tītī (Sooty shearwater)",1972.8,7
"Tītī (Sooty shearwater)",1972.9,7
"Tītī (Sooty shearwater)",1973,7
"Tītī (Sooty shearwater)",1973.1,7
"Tītī (Sooty shearwater)",1973.2,7
"Tītī (Sooty shearwater)",1973.3,7
"Tītī (Sooty shearwater)",1973.4,7
"Tītī (Sooty shearwater)",1973.5,7
"Tītī (Sooty shearwater)",1973.6,7
"Tītī (Sooty shearwater)",1973.7,7
"Tītī (Sooty shearwater)",1973.8,7
"Tītī (Sooty shearwater)",1973.9,7
"Tītī (Sooty shearwater)",1974,7
"Tītī (Sooty shearwater)",1974.1,7
"Tītī (Sooty shearwater)",1974.2,7
"Tītī (Sooty shearwater)",1974.3,7
"Tītī (Sooty shearwater)",1974.4,7
"Tītī (Sooty shearwater)",1974.5,7
"Tītī (Sooty shearwater)",1974.6,7
"Tītī (Sooty shearwater)",1974.7,7
"Tītī (Sooty shearwater)",1974.8,7
"Tītī (Sooty shearwater)",1974.9,7
"Tītī (Sooty shearwater)",1975,6.99723610681538
"Tītī (Sooty shearwater)",1975.1,6.98763688421684
"Tītī (Sooty shearwater)",1975.2,6.945065286847
"Tītī (Sooty shearwater)",1975.3,6.76287063411232
"Tītī (Sooty shearwater)",1975.4,6.0878723809672
"Tītī (Sooty shearwater)",1975.5,4.5
"Tītī (Sooty shearwater)",1975.6,2.9121276190328
"Tītī (Sooty shearwater)",1975.7,2.23712936588768
"Tītī (Sooty shearwater)",1975.8,2.054934713153
"Tītī (Sooty shearwater)",1975.9,2.01236311578316
"Tītī (Sooty shearwater)",1976,2.00165833591077
"Tītī (Sooty shearwater)",1976.1,2.00741786946989
"Tītī (Sooty shearwater)",1976.2,2.0329608278918
"Tītī (Sooty shearwater)",1976.3,2.14227761953261
"Tītī (Sooty shearwater)",1976.4,2.54727657141968
"Tītī (Sooty shearwater)",1976.5,3.5
"Tītī (Sooty shearwater)",1976.6,4.45272342858032
"Tītī (Sooty shearwater)",1976.7,4.85772238046739
"Tītī (Sooty shearwater)",1976.8,4.9670391721082
"Tītī (Sooty shearwater)",1976.9,4.99258213053011
"Tītī (Sooty shearwater)",1977,5
"Tītī (Sooty shearwater)",1977.1,5
"Tītī (Sooty shearwater)",1977.2,5
"Tītī (Sooty shearwater)",1977.3,5
"Tītī (Sooty shearwater)",1977.4,5
"Tītī (Sooty shearwater)",1977.5,5
"Tītī (Sooty shearwater)",1977.6,5
"Tītī (Sooty shearwater)",1977.7,5
"Tītī (Sooty shearwater)",1977.8,5
"Tītī (Sooty shearwater)",1977.9,5
"Tītī (Sooty shearwater)",1978,5
"Tītī (Sooty shearwater)",1978.1,5
"Tītī (Sooty shearwater)",1978.2,5
"Tītī (Sooty shearwater)",1978.3,5
"Tītī (Sooty shearwater)",1978.4,5
"Tītī (Sooty shearwater)",1978.5,5
"Tītī (Sooty shearwater)",1978.6,5
"Tītī (Sooty shearwater)",1978.7,5
"Tītī (Sooty shearwater)",1978.8,5
"Tītī (Sooty shearwater)",1978.9,5
"Tītī (Sooty shearwater)",1979,5
"Tītī (Sooty shearwater)",1979.1,5
"Tītī (Sooty shearwater)",1979.2,5
"Tītī (Sooty shearwater)",1979.3,5
"Tītī (Sooty shearwater)",1979.4,5
"Tītī (Sooty shearwater)",1979.5,5
"Tītī (Sooty shearwater)",1979.6,5
"Tītī (Sooty shearwater)",1979.7,5
"Tītī (Sooty shearwater)",1979.8,5
"Tītī (Sooty shearwater)",1979.9,5
"Tītī (Sooty shearwater)",1980,5.00165833591077
"Tītī (Sooty shearwater)",1980.1,5.00741786946989
"Tītī (Sooty shearwater)",1980.2,5.0329608278918
"Tītī (Sooty shearwater)",1980.3,5.14227761953261
"Tītī (Sooty shearwater)",1980.4,5.54727657141968
"Tītī (Sooty shearwater)",1980.5,6.5
"Tītī (Sooty shearwater)",1980.6,7.45272342858032
"Tītī (Sooty shearwater)",1980.7,7.85772238046739
"Tītī (Sooty shearwater)",1980.8,7.9670391721082
"Tītī (Sooty shearwater)",1980.9,7.99258213053011
"Tītī (Sooty shearwater)",1981,8
"Tītī (Sooty shearwater)",1981.1,8
"Tītī (Sooty shearwater)",1981.2,8
"Tītī (Sooty shearwater)",1981.3,8
"Tītī (Sooty shearwater)",1981.4,8
"Tītī (Sooty shearwater)",1981.5,8
"Tītī (Sooty shearwater)",1981.6,8
"Tītī (Sooty shearwater)",1981.7,8
"Tītī (Sooty shearwater)",1981.8,8
"Tītī (Sooty shearwater)",1981.9,8
"Tītī (Sooty shearwater)",1982,8
"Tītī (Sooty shearwater)",1982.1,8
"Tītī (Sooty shearwater)",1982.2,8
"Tītī (Sooty shearwater)",1982.3,8
"Tītī (Sooty shearwater)",1982.4,8
"Tītī (Sooty shearwater)",1982.5,8
"Tītī (Sooty shearwater)",1982.6,8
"Tītī (Sooty shearwater)",1982.7,8
"Tītī (Sooty shearwater)",1982.8,8
"Tītī (Sooty shearwater)",1982.9,8
"Tītī (Sooty shearwater)",1983,8
"Tītī (Sooty shearwater)",1983.1,8
"Tītī (Sooty shearwater)",1983.2,8
"Tītī (Sooty shearwater)",1983.3,8
"Tītī (Sooty shearwater)",1983.4,8
"Tītī (Sooty shearwater)",1983.5,8
"Tītī (Sooty shearwater)",1983.6,8
"Tītī (Sooty shearwater)",1983.7,8
"Tītī (Sooty shearwater)",1983.8,8
"Tītī (Sooty shearwater)",1983.9,8
"Tītī (Sooty shearwater)",1984,7.99944722136308
"Tītī (Sooty shearwater)",1984.1,7.99752737684337
"Tītī (Sooty shearwater)",1984.2,7.9890130573694
"Tītī (Sooty shearwater)",1984.3,7.95257412682246
"Tītī (Sooty shearwater)",1984.4,7.81757447619344
"Tītī (Sooty shearwater)",1984.5,7.5
"Tītī (Sooty shearwater)",1984.6,7.18242552380656
"Tītī (Sooty shearwater)",1984.7,7.04742587317754
"Tītī (Sooty shearwater)",1984.8,7.0109869426306
"Tītī (Sooty shearwater)",1984.9,7.00247262315663
"Tītī (Sooty shearwater)",1985,6.99778888545231
"Tītī (Sooty shearwater)",1985.1,6.99010950737347
"Tītī (Sooty shearwater)",1985.2,6.9560522294776
"Tītī (Sooty shearwater)",1985.3,6.81029650728986
"Tītī (Sooty shearwater)",1985.4,6.27029790477376
"Tītī (Sooty shearwater)",1985.5,5
"Tītī (Sooty shearwater)",1985.6,3.72970209522624
"Tītī (Sooty shearwater)",1985.7,3.18970349271014
"Tītī (Sooty shearwater)",1985.8,3.0439477705224
"Tītī (Sooty shearwater)",1985.9,3.00989049262653
"Tītī (Sooty shearwater)",1986,3.00221111454769
"Tītī (Sooty shearwater)",1986.1,3.00989049262653
"Tītī (Sooty shearwater)",1986.2,3.0439477705224
"Tītī (Sooty shearwater)",1986.3,3.18970349271014
"Tītī (Sooty shearwater)",1986.4,3.72970209522624
"Tītī (Sooty shearwater)",1986.5,5
"Tītī (Sooty shearwater)",1986.6,6.27029790477376
"Tītī (Sooty shearwater)",1986.7,6.81029650728986
"Tītī (Sooty shearwater)",1986.8,6.9560522294776
"Tītī (Sooty shearwater)",1986.9,6.99010950737348
"Tītī (Sooty shearwater)",1987,7
"Tītī (Sooty shearwater)",1987.1,7
"Tītī (Sooty shearwater)",1987.2,7
"Tītī (Sooty shearwater)",1987.3,7
"Tītī (Sooty shearwater)",1987.4,7
"Tītī (Sooty shearwater)",1987.5,7
"Tītī (Sooty shearwater)",1987.6,7
"Tītī (Sooty shearwater)",1987.7,7
"Tītī (Sooty shearwater)",1987.8,7
"Tītī (Sooty shearwater)",1987.9,7
"Tītī Wainui (Prion)",1969,8
"Tītī Wainui (Prion)",1969.1,8
"Tītī Wainui (Prion)",1969.2,8
"Tītī Wainui (Prion)",1969.3,8
"Tītī Wainui (Prion)",1969.4,8
"Tītī Wainui (Prion)",1969.5,8
"Tītī Wainui (Prion)",1969.6,8
"Tītī Wainui (Prion)",1969.7,8
"Tītī Wainui (Prion)",1969.8,8
"Tītī Wainui (Prion)",1969.9,8
"Tītī Wainui (Prion)",1970,8
"Tītī Wainui (Prion)",1970.1,8
"Tītī Wainui (Prion)",1970.2,8
"Tītī Wainui (Prion)",1970.3,8
"Tītī Wainui (Prion)",1970.4,8
"Tītī Wainui (Prion)",1970.5,8
"Tītī Wainui (Prion)",1970.6,8
"Tītī Wainui (Prion)",1970.7,8
"Tītī Wainui (Prion)",1970.8,8
"Tītī Wainui (Prion)",1970.9,8
"Tītī Wainui (Prion)",1971,8
"Tītī Wainui (Prion)",1971.1,8
"Tītī Wainui (Prion)",1971.2,8
"Tītī Wainui (Prion)",1971.3,8
"Tītī Wainui (Prion)",1971.4,8
"Tītī Wainui (Prion)",1971.5,8
"Tītī Wainui (Prion)",1971.6,8
"Tītī Wainui (Prion)",1971.7,8
"Tītī Wainui (Prion)",1971.8,8
"Tītī Wainui (Prion)",1971.9,8
"Tītī Wainui (Prion)",1972,8
"Tītī Wainui (Prion)",1972.1,8
"Tītī Wainui (Prion)",1972.2,8
"Tītī Wainui (Prion)",1972.3,8
"Tītī Wainui (Prion)",1972.4,8
"Tītī Wainui (Prion)",1972.5,8
"Tītī Wainui (Prion)",1972.6,8
"Tītī Wainui (Prion)",1972.7,8
"Tītī Wainui (Prion)",1972.8,8
"Tītī Wainui (Prion)",1972.9,8
"Tītī Wainui (Prion)",1973,8
"Tītī Wainui (Prion)",1973.1,8
"Tītī Wainui (Prion)",1973.2,8
"Tītī Wainui (Prion)",1973.3,8
"Tītī Wainui (Prion)",1973.4,8
"Tītī Wainui (Prion)",1973.5,8
"Tītī Wainui (Prion)",1973.6,8
"Tītī Wainui (Prion)",1973.7,8
"Tītī Wainui (Prion)",1973.8,8
"Tītī Wainui (Prion)",1973.9,8
"Tītī Wainui (Prion)",1974,8
"Tītī Wainui (Prion)",1974.1,8
"Tītī Wainui (Prion)",1974.2,8
"Tītī Wainui (Prion)",1974.3,8
"Tītī Wainui (Prion)",1974.4,8
"Tītī Wainui (Prion)",1974.5,8
"Tītī Wainui (Prion)",1974.6,8
"Tītī Wainui (Prion)",1974.7,8
"Tītī Wainui (Prion)",1974.8,8
"Tītī Wainui (Prion)",1974.9,8
"Tītī Wainui (Prion)",1975,7.99778888545231
"Tītī Wainui (Prion)",1975.1,7.99010950737347
"Tītī Wainui (Prion)",1975.2,7.9560522294776
"Tītī Wainui (Prion)",1975.3,7.81029650728986
"Tītī Wainui (Prion)",1975.4,7.27029790477376
"Tītī Wainui (Prion)",1975.5,6
"Tītī Wainui (Prion)",1975.6,4.72970209522624
"Tītī Wainui (Prion)",1975.7,4.18970349271014
"Tītī Wainui (Prion)",1975.8,4.0439477705224
"Tītī Wainui (Prion)",1975.9,4.00989049262652
"Tītī Wainui (Prion)",1976,4
"Tītī Wainui (Prion)",1976.1,4
"Tītī Wainui (Prion)",1976.2,4
"Tītī Wainui (Prion)",1976.3,4
"Tītī Wainui (Prion)",1976.4,4
"Tītī Wainui (Prion)",1976.5,4
"Tītī Wainui (Prion)",1976.6,4
"Tītī Wainui (Prion)",1976.7,4
"Tītī Wainui (Prion)",1976.8,4
"Tītī Wainui (Prion)",1976.9,4
"Tītī Wainui (Prion)",1977,4
"Tītī Wainui (Prion)",1977.1,4
"Tītī Wainui (Prion)",1977.2,4
"Tītī Wainui (Prion)",1977.3,4
"Tītī Wainui (Prion)",1977.4,4
"Tītī Wainui (Prion)",1977.5,4
"Tītī Wainui (Prion)",1977.6,4
"Tītī Wainui (Prion)",1977.7,4
"Tītī Wainui (Prion)",1977.8,4
"Tītī Wainui (Prion)",1977.9,4
"Tītī Wainui (Prion)",1978,4
"Tītī Wainui (Prion)",1978.1,4
"Tītī Wainui (Prion)",1978.2,4
"Tītī Wainui (Prion)",1978.3,4
"Tītī Wainui (Prion)",1978.4,4
"Tītī Wainui (Prion)",1978.5,4
"Tītī Wainui (Prion)",1978.6,4
"Tītī Wainui (Prion)",1978.7,4
"Tītī Wainui (Prion)",1978.8,4
"Tītī Wainui (Prion)",1978.9,4
"Tītī Wainui (Prion)",1979,4.00110555727385
"Tītī Wainui (Prion)",1979.1,4.00494524631326
"Tītī Wainui (Prion)",1979.2,4.0219738852612
"Tītī Wainui (Prion)",1979.3,4.09485174635507
"Tītī Wainui (Prion)",1979.4,4.36485104761312
"Tītī Wainui (Prion)",1979.5,5
"Tītī Wainui (Prion)",1979.6,5.63514895238688
"Tītī Wainui (Prion)",1979.7,5.90514825364493
"Tītī Wainui (Prion)",1979.8,5.9780261147388
"Tītī Wainui (Prion)",1979.9,5.99505475368674
"Tītī Wainui (Prion)",1980,5.99944722136308
"Tītī Wainui (Prion)",1980.1,5.99752737684337
"Tītī Wainui (Prion)",1980.2,5.9890130573694
"Tītī Wainui (Prion)",1980.3,5.95257412682246
"Tītī Wainui (Prion)",1980.4,5.81757447619344
"Tītī Wainui (Prion)",1980.5,5.5
"Tītī Wainui (Prion)",1980.6,5.18242552380656
"Tītī Wainui (Prion)",1980.7,5.04742587317754
"Tītī Wainui (Prion)",1980.8,5.0109869426306
"Tītī Wainui (Prion)",1980.9,5.00247262315663
"Tītī Wainui (Prion)",1981,5
"Tītī Wainui (Prion)",1981.1,5
"Tītī Wainui (Prion)",1981.2,5
"Tītī Wainui (Prion)",1981.3,5
"Tītī Wainui (Prion)",1981.4,5
"Tītī Wainui (Prion)",1981.5,5
"Tītī Wainui (Prion)",1981.6,5
"Tītī Wainui (Prion)",1981.7,5
"Tītī Wainui (Prion)",1981.8,5
"Tītī Wainui (Prion)",1981.9,5
"Tītī Wainui (Prion)",1982,5
"Tītī Wainui (Prion)",1982.1,5
"Tītī Wainui (Prion)",1982.2,5
"Tītī Wainui (Prion)",1982.3,5
"Tītī Wainui (Prion)",1982.4,5
"Tītī Wainui (Prion)",1982.5,5
"Tītī Wainui (Prion)",1982.6,5
"Tītī Wainui (Prion)",1982.7,5
"Tītī Wainui (Prion)",1982.8,5
"Tītī Wainui (Prion)",1982.9,5
"Tītī Wainui (Prion)",1983,5.00110555727385
"Tītī Wainui (Prion)",1983.1,5.00494524631326
"Tītī Wainui (Prion)",1983.2,5.0219738852612
"Tītī Wainui (Prion)",1983.3,5.09485174635507
"Tītī Wainui (Prion)",1983.4,5.36485104761312
"Tītī Wainui (Prion)",1983.5,6
"Tītī Wainui (Prion)",1983.6,6.63514895238688
"Tītī Wainui (Prion)",1983.7,6.90514825364493
"Tītī Wainui (Prion)",1983.8,6.9780261147388
"Tītī Wainui (Prion)",1983.9,6.99505475368674
"Tītī Wainui (Prion)",1984,6.99889444272615
"Tītī Wainui (Prion)",1984.1,6.99505475368674
"Tītī Wainui (Prion)",1984.2,6.9780261147388
"Tītī Wainui (Prion)",1984.3,6.90514825364493
"Tītī Wainui (Prion)",1984.4,6.63514895238688
"Tītī Wainui (Prion)",1984.5,6
"Tītī Wainui (Prion)",1984.6,5.36485104761312
"Tītī Wainui (Prion)",1984.7,5.09485174635507
"Tītī Wainui (Prion)",1984.8,5.0219738852612
"Tītī Wainui (Prion)",1984.9,5.00494524631326
"Tītī Wainui (Prion)",1985,5.00110555727385
"Tītī Wainui (Prion)",1985.1,5.00494524631326
"Tītī Wainui (Prion)",1985.2,5.0219738852612
"Tītī Wainui (Prion)",1985.3,5.09485174635507
"Tītī Wainui (Prion)",1985.4,5.36485104761312
"Tītī Wainui (Prion)",1985.5,6
"Tītī Wainui (Prion)",1985.6,6.63514895238688
"Tītī Wainui (Prion)",1985.7,6.90514825364493
"Tītī Wainui (Prion)",1985.8,6.9780261147388
"Tītī Wainui (Prion)",1985.9,6.99505475368674
"Tītī Wainui (Prion)",1986,6.99889444272615
"Tītī Wainui (Prion)",1986.1,6.99505475368674
"Tītī Wainui (Prion)",1986.2,6.9780261147388
"Tītī Wainui (Prion)",1986.3,6.90514825364493
"Tītī Wainui (Prion)",1986.4,6.63514895238688
"Tītī Wainui (Prion)",1986.5,6
"Tītī Wainui (Prion)",1986.6,5.36485104761312
"Tītī Wainui (Prion)",1986.7,5.09485174635507
"Tītī Wainui (Prion)",1986.8,5.0219738852612
"Tītī Wainui (Prion)",1986.9,5.00494524631326
"Tītī Wainui (Prion)",1987,4.99889444272615
"Tītī Wainui (Prion)",1987.1,4.99505475368674
"Tītī Wainui (Prion)",1987.2,4.9780261147388
"Tītī Wainui (Prion)",1987.3,4.90514825364493
"Tītī Wainui (Prion)",1987.4,4.63514895238688
"Tītī Wainui (Prion)",1987.5,4
"Tītī Wainui (Prion)",1987.6,3.36485104761312
"Tītī Wainui (Prion)",1987.7,3.09485174635507
"Tītī Wainui (Prion)",1987.8,3.0219738852612
"Tītī Wainui (Prion)",1987.9,3.00494524631326
"Ōi (Grey-faced petrel)",1969,6
"Ōi (Grey-faced petrel)",1969.1,6
"Ōi (Grey-faced petrel)",1969.2,6
"Ōi (Grey-faced petrel)",1969.3,6
"Ōi (Grey-faced petrel)",1969.4,6
"Ōi (Grey-faced petrel)",1969.5,6
"Ōi (Grey-faced petrel)",1969.6,6
"Ōi (Grey-faced petrel)",1969.7,6
"Ōi (Grey-faced petrel)",1969.8,6
"Ōi (Grey-faced petrel)",1969.9,6
"Ōi (Grey-faced petrel)",1970,6
"Ōi (Grey-faced petrel)",1970.1,6
"Ōi (Grey-faced petrel)",1970.2,6
"Ōi (Grey-faced petrel)",1970.3,6
"Ōi (Grey-faced petrel)",1970.4,6
"Ōi (Grey-faced petrel)",1970.5,6
"Ōi (Grey-faced petrel)",1970.6,6
"Ōi (Grey-faced petrel)",1970.7,6
"Ōi (Grey-faced petrel)",1970.8,6
"Ōi (Grey-faced petrel)",1970.9,6
"Ōi (Grey-faced petrel)",1971,6
"Ōi (Grey-faced petrel)",1971.1,6
"Ōi (Grey-faced petrel)",1971.2,6
"Ōi (Grey-faced petrel)",1971.3,6
"Ōi (Grey-faced petrel)",1971.4,6
"Ōi (Grey-faced petrel)",1971.5,6
"Ōi (Grey-faced petrel)",1971.6,6
"Ōi (Grey-faced petrel)",1971.7,6
"Ōi (Grey-faced petrel)",1971.8,6
"Ōi (Grey-faced petrel)",1971.9,6
"Ōi (Grey-faced petrel)",1972,6
"Ōi (Grey-faced petrel)",1972.1,6
"Ōi (Grey-faced petrel)",1972.2,6
"Ōi (Grey-faced petrel)",1972.3,6
"Ōi (Grey-faced petrel)",1972.4,6
"Ōi (Grey-faced petrel)",1972.5,6
"Ōi (Grey-faced petrel)",1972.6,6
"Ōi (Grey-faced petrel)",1972.7,6
"Ōi (Grey-faced petrel)",1972.8,6
"Ōi (Grey-faced petrel)",1972.9,6
"Ōi (Grey-faced petrel)",1973,6
"Ōi (Grey-faced petrel)",1973.1,6
"Ōi (Grey-faced petrel)",1973.2,6
"Ōi (Grey-faced petrel)",1973.3,6
"Ōi (Grey-faced petrel)",1973.4,6
"Ōi (Grey-faced petrel)",1973.5,6
"Ōi (Grey-faced petrel)",1973.6,6
"Ōi (Grey-faced petrel)",1973.7,6
"Ōi (Grey-faced petrel)",1973.8,6
"Ōi (Grey-faced petrel)",1973.9,6
"Ōi (Grey-faced petrel)",1974,6
"Ōi (Grey-faced petrel)",1974.1,6
"Ōi (Grey-faced petrel)",1974.2,6
"Ōi (Grey-faced petrel)",1974.3,6
"Ōi (Grey-faced petrel)",1974.4,6
"Ōi (Grey-faced petrel)",1974.5,6
"Ōi (Grey-faced petrel)",1974.6,6
"Ōi (Grey-faced petrel)",1974.7,6
"Ōi (Grey-faced petrel)",1974.8,6
"Ōi (Grey-faced petrel)",1974.9,6
"Ōi (Grey-faced petrel)",1975,6
"Ōi (Grey-faced petrel)",1975.1,6
"Ōi (Grey-faced petrel)",1975.2,6
"Ōi (Grey-faced petrel)",1975.3,6
"Ōi (Grey-faced petrel)",1975.4,6
"Ōi (Grey-faced petrel)",1975.5,6
"Ōi (Grey-faced petrel)",1975.6,6
"Ōi (Grey-faced petrel)",1975.7,6
"Ōi (Grey-faced petrel)",1975.8,6
"Ōi (Grey-faced petrel)",1975.9,6
"Ōi (Grey-faced petrel)",1976,5.99834166408923
"Ōi (Grey-faced petrel)",1976.1,5.99258213053011
"Ōi (Grey-faced petrel)",1976.2,5.9670391721082
"Ōi (Grey-faced petrel)",1976.3,5.85772238046739
"Ōi (Grey-faced petrel)",1976.4,5.45272342858032
"Ōi (Grey-faced petrel)",1976.5,4.5
"Ōi (Grey-faced petrel)",1976.6,3.54727657141968
"Ōi (Grey-faced petrel)",1976.7,3.14227761953261
"Ōi (Grey-faced petrel)",1976.8,3.0329608278918
"Ōi (Grey-faced petrel)",1976.9,3.00741786946989
"Ōi (Grey-faced petrel)",1977,3
"Ōi (Grey-faced petrel)",1977.1,3
"Ōi (Grey-faced petrel)",1977.2,3
"Ōi (Grey-faced petrel)",1977.3,3
"Ōi (Grey-faced petrel)",1977.4,3
"Ōi (Grey-faced petrel)",1977.5,3
"Ōi (Grey-faced petrel)",1977.6,3
"Ōi (Grey-faced petrel)",1977.7,3
"Ōi (Grey-faced petrel)",1977.8,3
"Ōi (Grey-faced petrel)",1977.9,3
"Ōi (Grey-faced petrel)",1978,3
"Ōi (Grey-faced petrel)",1978.1,3
"Ōi (Grey-faced petrel)",1978.2,3
"Ōi (Grey-faced petrel)",1978.3,3
"Ōi (Grey-faced petrel)",1978.4,3
"Ōi (Grey-faced petrel)",1978.5,3
"Ōi (Grey-faced petrel)",1978.6,3
"Ōi (Grey-faced petrel)",1978.7,3
"Ōi (Grey-faced petrel)",1978.8,3
"Ōi (Grey-faced petrel)",1978.9,3
"Ōi (Grey-faced petrel)",1979,2.99944722136308
"Ōi (Grey-faced petrel)",1979.1,2.99752737684337
"Ōi (Grey-faced petrel)",1979.2,2.9890130573694
"Ōi (Grey-faced petrel)",1979.3,2.95257412682246
"Ōi (Grey-faced petrel)",1979.4,2.81757447619344
"Ōi (Grey-faced petrel)",1979.5,2.5
"Ōi (Grey-faced petrel)",1979.6,2.18242552380656
"Ōi (Grey-faced petrel)",1979.7,2.04742587317754
"Ōi (Grey-faced petrel)",1979.8,2.0109869426306
"Ōi (Grey-faced petrel)",1979.9,2.00247262315663
"Ōi (Grey-faced petrel)",1980,2
"Ōi (Grey-faced petrel)",1980.1,2
"Ōi (Grey-faced petrel)",1980.2,2
"Ōi (Grey-faced petrel)",1980.3,2
"Ōi (Grey-faced petrel)",1980.4,2
"Ōi (Grey-faced petrel)",1980.5,2
"Ōi (Grey-faced petrel)",1980.6,2
"Ōi (Grey-faced petrel)",1980.7,2
"Ōi (Grey-faced petrel)",1980.8,2
"Ōi (Grey-faced petrel)",1980.9,2
"Ōi (Grey-faced petrel)",1981,2
"Ōi (Grey-faced petrel)",1981.1,2
"Ōi (Grey-faced petrel)",1981.2,2
"Ōi (Grey-faced petrel)",1981.3,2
"Ōi (Grey-faced petrel)",1981.4,2
"Ōi (Grey-faced petrel)",1981.5,2
"Ōi (Grey-faced petrel)",1981.6,2
"Ōi (Grey-faced petrel)",1981.7,2
"Ōi (Grey-faced petrel)",1981.8,2
"Ōi (Grey-faced petrel)",1981.9,2
"Ōi (Grey-faced petrel)",1982,2
"Ōi (Grey-faced petrel)",1982.1,2
"Ōi (Grey-faced petrel)",1982.2,2
"Ōi (Grey-faced petrel)",1982.3,2
"Ōi (Grey-faced petrel)",1982.4,2
"Ōi (Grey-faced petrel)",1982.5,2
"Ōi (Grey-faced petrel)",1982.6,2
"Ōi (Grey-faced petrel)",1982.7,2
"Ōi (Grey-faced petrel)",1982.8,2
"Ōi (Grey-faced petrel)",1982.9,2
"Ōi (Grey-faced petrel)",1983,2
"Ōi (Grey-faced petrel)",1983.1,2
"Ōi (Grey-faced petrel)",1983.2,2
"Ōi (Grey-faced petrel)",1983.3,2
"Ōi (Grey-faced petrel)",1983.4,2
"Ōi (Grey-faced petrel)",1983.5,2
"Ōi (Grey-faced petrel)",1983.6,2
"Ōi (Grey-faced petrel)",1983.7,2
"Ōi (Grey-faced petrel)",1983.8,2
"Ōi (Grey-faced petrel)",1983.9,2
"Ōi (Grey-faced petrel)",1984,2.00055277863692
"Ōi (Grey-faced petrel)",1984.1,2.00247262315663
"Ōi (Grey-faced petrel)",1984.2,2.0109869426306
"Ōi (Grey-faced petrel)",1984.3,2.04742587317754
"Ōi (Grey-faced petrel)",1984.4,2.18242552380656
"Ōi (Grey-faced petrel)",1984.5,2.5
"Ōi (Grey-faced petrel)",1984.6,2.81757447619344
"Ōi (Grey-faced petrel)",1984.7,2.95257412682246
"Ōi (Grey-faced petrel)",1984.8,2.9890130573694
"Ōi (Grey-faced petrel)",1984.9,2.99752737684337
"Ōi (Grey-faced petrel)",1985,3.00055277863692
"Ōi (Grey-faced petrel)",1985.1,3.00247262315663
"Ōi (Grey-faced petrel)",1985.2,3.0109869426306
"Ōi (Grey-faced petrel)",1985.3,3.04742587317754
"Ōi (Grey-faced petrel)",1985.4,3.18242552380656
"Ōi (Grey-faced petrel)",1985.5,3.5
"Ōi (Grey-faced petrel)",1985.6,3.81757447619344
"Ōi (Grey-faced petrel)",1985.7,3.95257412682246
"Ōi (Grey-faced petrel)",1985.8,3.9890130573694
"Ōi (Grey-faced petrel)",1985.9,3.99752737684337
"Ōi (Grey-faced petrel)",1986,3.99944722136308
"Ōi (Grey-faced petrel)",1986.1,3.99752737684337
"Ōi (Grey-faced petrel)",1986.2,3.9890130573694
"Ōi (Grey-faced petrel)",1986.3,3.95257412682246
"Ōi (Grey-faced petrel)",1986.4,3.81757447619344
"Ōi (Grey-faced petrel)",1986.5,3.5
"Ōi (Grey-faced petrel)",1986.6,3.18242552380656
"Ōi (Grey-faced petrel)",1986.7,3.04742587317754
"Ōi (Grey-faced petrel)",1986.8,3.0109869426306
"Ōi (Grey-faced petrel)",1986.9,3.00247262315663
"Ōi (Grey-faced petrel)",1987,3.00165833591077
"Ōi (Grey-faced petrel)",1987.1,3.00741786946989
"Ōi (Grey-faced petrel)",1987.2,3.0329608278918
"Ōi (Grey-faced petrel)",1987.3,3.14227761953261
"Ōi (Grey-faced petrel)",1987.4,3.54727657141968
"Ōi (Grey-faced petrel)",1987.5,4.5
"Ōi (Grey-faced petrel)",1987.6,5.45272342858032
"Ōi (Grey-faced petrel)",1987.7,5.85772238046739
"Ōi (Grey-faced petrel)",1987.8,5.9670391721082
"Ōi (Grey-faced petrel)",1987.9,5.99258213053011
"Karoro (Southern black-backed gull)",1988,5
"Mollymawk (Black-browed or Shy)",1988,8
"Pintado (Cape petrel)",1988,4
"Rako (Buller's shearwater)",1988,2
"Toroa (Wandering albatross)",1988,1
"Tītī (Sooty shearwater)",1988,7
"Tītī Wainui (Prion)",1988,3
"Ōi (Grey-faced petrel)",1988,6
